Workbook

Sheet Anleitung
B2: Kapazitäts-Allokationsmatrix — Anleitung
B4: Zweck
B5: Steuerungstemplate für das Capacity-Board. Macht sichtbar, wie viel Kapazität jede Homebase (Linie) an welche Mannschaft (Value Stream) zusagt — und ob die Summe die geplante Nachfrage deckt.
B7: So wird es genutzt
B8: 1. Blatt 'Allokation %': FTE-Basis je Homebase eintragen, dann die %-Zusage je Value Stream / Chapter / Run & Line pflegen. Jede Zeile MUSS 100 % ergeben (Spalte 'Summe %' wird grün; rot = Fehler).
B9: 2. Blatt 'FTE & Deckung': rechnet automatisch das FTE-Angebot je Value Stream und vergleicht es mit der Nachfrage. 'Deckung (Gap)' rot = Unterdeckung.
B10: 3. Bei roter Deckung: im Board entscheiden — Nachfrage priorisieren, Kapazität umschichten, Dienstleister zuschalten oder Skill aufbauen (Chapter).
B12: Spielregeln (aus dem Zielmodell)
B13: • Kapazität wird ZUGESAGT, nicht angenommen — die %-Werte sind ein Commitment der Homebase.
B14: • Eine Priorität pro Person; Dediziert vor geteilt (Splitting über > 2 Streams vermeiden).
B15: • Homebase ist accountable für die Kapazitäts-Zusage, Service Owner für die Priorität. Ressourcenkonflikte entscheidet das Capacity-Board.
B17: Rhythmus
B18: Quartalsweise Grundallokation (Portfolio-Board), monatliche Nachjustierung (Service Management Review). Alle Werte hier sind Beispielwerte.

Sheet Allokation %
A1: Kapazitäts-Allokationsmatrix — Homebase × Value Stream
A2: Steuerungstemplate Capacity-Board · %-Verteilung der Homebase-Kapazität · Beispielwerte
A4: Homebase | B4: FTE gesamt | C4: Modern Workplace | D4: Network & Connectivity | E4: Compute/Cloud/DC | F4: Identity & Access | G4: SAP & Business Apps | H4: Data/Analytics/KI | I4: Service Desk / ITSM | J4: Chapter / CoP | K4: Run & Line | L4: Summe %
A5: Workplace Solutions | B5: 18 | C5: 70 | D5: 0 | E5: 0 | F5: 0 | G5: 0 | H5: 0 | I5: 5 | J5: 15 | K5: 10 | L5: =SUM(C5:K5)
A6: Infrastructure & Platforms | B6: 30 | C6: 0 | D6: 25 | E6: 30 | F6: 20 | G6: 0 | H6: 0 | I6: 0 | J6: 10 | K6: 15 | L6: =SUM(C6:K6)
A7: Local IT Operations | B7: 22 | C7: 30 | D7: 10 | E7: 0 | F7: 0 | G7: 0 | H7: 0 | I7: 40 | J7: 5 | K7: 15 | L7: =SUM(C7:K7)
A8: Business Solutions (Design/AMS) | B8: 26 | C8: 0 | D8: 0 | E8: 0 | F8: 5 | G8: 40 | H8: 25 | I8: 0 | J8: 15 | K8: 15 | L8: =SUM(C8:K8)
A9: Application Technology (SAP Basis/Dev) | B9: 14 | C9: 0 | D9: 0 | E9: 0 | F9: 0 | G9: 60 | H9: 10 | I9: 0 | J9: 15 | K9: 15 | L9: =SUM(C9:K9)
A10: Cyber Defense / SecOps | B10: 12 | C10: 5 | D10: 5 | E10: 5 | F10: 10 | G10: 0 | H10: 0 | I10: 5 | J10: 20 | K10: 50 | L10: =SUM(C10:K10)
A11: Cyber GRC | B11: 8 | C11: 0 | D11: 0 | E11: 0 | F11: 10 | G11: 0 | H11: 0 | I11: 0 | J11: 30 | K11: 60 | L11: =SUM(C11:K11)
A12: EA & Innovation | B12: 6 | C12: 0 | D12: 0 | E12: 0 | F12: 0 | G12: 0 | H12: 20 | I12: 0 | J12: 40 | K12: 40 | L12: =SUM(C12:K12)
A13: Σ FTE-Basis | B13: =SUM(B5:B12)
A15: Regel: Jede Homebase-Zeile muss 100 % ergeben (grün). Rot = Über-/Unterallokation. Werte im Board pflegen.

Sheet FTE & Deckung
A1: FTE-Angebot vs. Nachfrage je Value Stream
A2: Angebot = Σ (Homebase-FTE × %-Allokation). Nachfrage = Planungsinput. Gap = Angebot − Nachfrage.
A4: Ziel (Value Stream / Sammelposten) | B4: Angebot (FTE) | C4: Nachfrage (FTE) | D4: Deckung (Gap)
A5: Modern Workplace | B5: =SUMPRODUCT('Allokation %'!$B$5:$B$12,'Allokation %'!C5:C12)/100 | C5: 22 | D5: =B5-C5
A6: Network & Connectivity | B6: =SUMPRODUCT('Allokation %'!$B$5:$B$12,'Allokation %'!D5:D12)/100 | C6: 10 | D6: =B6-C6
A7: Compute/Cloud/DC | B7: =SUMPRODUCT('Allokation %'!$B$5:$B$12,'Allokation %'!E5:E12)/100 | C7: 10 | D7: =B7-C7
A8: Identity & Access | B8: =SUMPRODUCT('Allokation %'!$B$5:$B$12,'Allokation %'!F5:F12)/100 | C8: 9 | D8: =B8-C8
A9: SAP & Business Apps | B9: =SUMPRODUCT('Allokation %'!$B$5:$B$12,'Allokation %'!G5:G12)/100 | C9: 18 | D9: =B9-C9
A10: Data/Analytics/KI | B10: =SUMPRODUCT('Allokation %'!$B$5:$B$12,'Allokation %'!H5:H12)/100 | C10: 10 | D10: =B10-C10
A11: Service Desk / ITSM | B11: =SUMPRODUCT('Allokation %'!$B$5:$B$12,'Allokation %'!I5:I12)/100 | C11: 10 | D11: =B11-C11
A12: Chapter / CoP | B12: =SUMPRODUCT('Allokation %'!$B$5:$B$12,'Allokation %'!J5:J12)/100 | C12: — | D12: —
A13: Run & Line | B13: =SUMPRODUCT('Allokation %'!$B$5:$B$12,'Allokation %'!K5:K12)/100 | C13: — | D13: —
A15: Rot = Unterdeckung (Nachfrage > Angebot) → Priorisierung/Nachschärfung im Capacity-Board. Chapter & Run & Line ohne Ziel-Gap (keine Wertstrom-Nachfrage).
